{
  "conservative_mcts_budget_1024_seed_0": {
    "0": {
      "action_x": 0.0,
      "action_y": 0.0,
      "mean": -30.50693744608935,
      "pocket_score": 2.4036531885672695e-11,
      "reward_bias": 3.8216763087461914e-11,
      "std": 3.467753320970523,
      "transition_error": 1.0574613679593741e-11,
      "uncertainty": 0.025000000023794707,
      "visits": 2.0
    },
    "1": {
      "action_x": -1.0,
      "action_y": 0.0,
      "mean": -30.98425438188487,
      "pocket_score": 1.8240557178319793e-12,
      "reward_bias": 2.9549696023423166e-12,
      "std": 0.0,
      "transition_error": 8.567697757881845e-13,
      "uncertainty": 0.025000000001860003,
      "visits": 1.0
    },
    "2": {
      "action_x": 1.0,
      "action_y": 0.0,
      "mean": -28.226530689077535,
      "pocket_score": 1.8663626426666393e-10,
      "reward_bias": 2.9133895296240553e-10,
      "std": 2.811193644491788,
      "transition_error": 7.670743053600662e-11,
      "uncertainty": 0.025000000179357378,
      "visits": 39.0
    },
    "3": {
      "action_x": 0.0,
      "action_y": -1.0,
      "mean": -34.48770419218573,
      "pocket_score": 1.991267753938048e-13,
      "reward_bias": 3.2107649872159527e-13,
      "std": 0.0,
      "transition_error": 9.1638133959581e-14,
      "uncertainty": 0.02500000000020116,
      "visits": 1.0
    },
    "4": {
      "action_x": 0.0,
      "action_y": 1.0,
      "mean": -30.832472212764216,
      "pocket_score": 1.7096392201257124e-09,
      "reward_bias": 2.6868740565788585e-09,
      "std": 0.8502897257558366,
      "transition_error": 7.207888462984599e-10,
      "uncertainty": 0.02500000166109042,
      "visits": 2.0
    },
    "5": {
      "action_x": -0.7071067811865475,
      "action_y": -0.7071067811865475,
      "mean": -30.448792767995304,
      "pocket_score": 1.4607981229732342e-13,
      "reward_bias": 2.3714363805993344e-13,
      "std": 0.38951053039908706,
      "transition_error": 6.928512213634184e-14,
      "uncertainty": 0.02500000000014963,
      "visits": 2.0
    },
    "6": {
      "action_x": -0.7071067811865475,
      "action_y": 0.7071067811865475,
      "mean": -29.305675224330976,
      "pocket_score": 8.834643856988784e-11,
      "reward_bias": 1.412097105912835e-10,
      "std": 3.2324758752829204,
      "transition_error": 3.9611118025078506e-11,
      "uncertainty": 0.02500000008820166,
      "visits": 10.0
    },
    "7": {
      "action_x": 0.7071067811865475,
      "action_y": -0.7071067811865475,
      "mean": -31.098057390057207,
      "pocket_score": 3.853408813091017e-12,
      "reward_bias": 6.104672323203886e-12,
      "std": 0.792130271745956,
      "transition_error": 1.6731901289058864e-12,
      "uncertainty": 0.025000000003792565,
      "visits": 2.0
    },
    "8": {
      "action_x": 0.7071067811865475,
      "action_y": 0.7071067811865475,
      "mean": -30.78620947217121,
      "pocket_score": 2.33047222361914e-09,
      "reward_bias": 3.6251051049873695e-09,
      "std": 2.917543721480335,
      "transition_error": 9.450623333877712e-10,
      "uncertainty": 0.025000002226822058,
      "visits": 3.0
    }
  },
  "static_rollout_pool_budget_1024_seed_0": {},
  "uct_mcts_budget_1024_seed_0": {
    "0": {
      "action_x": 0.0,
      "action_y": 0.0,
      "mean": -31.16699137285538,
      "pocket_score": 2.4036531885672695e-11,
      "reward_bias": 3.8216763087461914e-11,
      "std": 3.6087145665257525,
      "transition_error": 1.0574613679593741e-11,
      "uncertainty": 0.025000000023794707,
      "visits": 3.0
    },
    "1": {
      "action_x": -1.0,
      "action_y": 0.0,
      "mean": -29.699744482621142,
      "pocket_score": 1.8240557178319793e-12,
      "reward_bias": 2.9549696023423166e-12,
      "std": 0.3699158628040834,
      "transition_error": 8.567697757881845e-13,
      "uncertainty": 0.025000000001860003,
      "visits": 2.0
    },
    "2": {
      "action_x": 1.0,
      "action_y": 0.0,
      "mean": -27.373267657628112,
      "pocket_score": 1.8663626426666393e-10,
      "reward_bias": 2.9133895296240553e-10,
      "std": 4.5590907954664415,
      "transition_error": 7.670743053600662e-11,
      "uncertainty": 0.025000000179357378,
      "visits": 33.0
    },
    "3": {
      "action_x": 0.0,
      "action_y": -1.0,
      "mean": -33.5731101845886,
      "pocket_score": 1.991267753938048e-13,
      "reward_bias": 3.2107649872159527e-13,
      "std": 0.0,
      "transition_error": 9.1638133959581e-14,
      "uncertainty": 0.02500000000020116,
      "visits": 1.0
    },
    "4": {
      "action_x": 0.0,
      "action_y": 1.0,
      "mean": -29.917858913199332,
      "pocket_score": 1.7096392201257124e-09,
      "reward_bias": 2.6868740565788585e-09,
      "std": 0.8502936571292214,
      "transition_error": 7.207888462984599e-10,
      "uncertainty": 0.02500000166109042,
      "visits": 2.0
    },
    "5": {
      "action_x": -0.7071067811865475,
      "action_y": -0.7071067811865475,
      "mean": -29.93786312581365,
      "pocket_score": 1.4607981229732342e-13,
      "reward_bias": 2.3714363805993344e-13,
      "std": 0.6535772417810095,
      "transition_error": 6.928512213634184e-14,
      "uncertainty": 0.02500000000014963,
      "visits": 3.0
    },
    "6": {
      "action_x": -0.7071067811865475,
      "action_y": 0.7071067811865475,
      "mean": -28.67627537860533,
      "pocket_score": 8.834643856988784e-11,
      "reward_bias": 1.412097105912835e-10,
      "std": 3.1454268427850782,
      "transition_error": 3.9611118025078506e-11,
      "uncertainty": 0.02500000008820166,
      "visits": 11.0
    },
    "7": {
      "action_x": 0.7071067811865475,
      "action_y": -0.7071067811865475,
      "mean": -29.45065857926861,
      "pocket_score": 3.853408813091017e-12,
      "reward_bias": 6.104672323203886e-12,
      "std": 1.2728406674466997,
      "transition_error": 1.6731901289058864e-12,
      "uncertainty": 0.025000000003792565,
      "visits": 4.0
    },
    "8": {
      "action_x": 0.7071067811865475,
      "action_y": 0.7071067811865475,
      "mean": -29.871523631497087,
      "pocket_score": 2.33047222361914e-09,
      "reward_bias": 3.6251051049873695e-09,
      "std": 2.9176323238138786,
      "transition_error": 9.450623333877712e-10,
      "uncertainty": 0.025000002226822058,
      "visits": 3.0
    }
  },
  "uncertainty_mcts_budget_1024_seed_0": {
    "0": {
      "action_x": 0.0,
      "action_y": 0.0,
      "mean": -29.881828564046472,
      "pocket_score": 2.4036531885672695e-11,
      "reward_bias": 3.8216763087461914e-11,
      "std": 3.460111879188735,
      "transition_error": 1.0574613679593741e-11,
      "uncertainty": 0.025000000023794707,
      "visits": 2.0
    },
    "1": {
      "action_x": -1.0,
      "action_y": 0.0,
      "mean": -30.372329066669636,
      "pocket_score": 1.8240557178319793e-12,
      "reward_bias": 2.9549696023423166e-12,
      "std": 0.0,
      "transition_error": 8.567697757881845e-13,
      "uncertainty": 0.025000000001860003,
      "visits": 1.0
    },
    "2": {
      "action_x": 1.0,
      "action_y": 0.0,
      "mean": -27.474893889131856,
      "pocket_score": 1.8663626426666393e-10,
      "reward_bias": 2.9133895296240553e-10,
      "std": 2.693400472328441,
      "transition_error": 7.670743053600662e-11,
      "uncertainty": 0.025000000179357378,
      "visits": 39.0
    },
    "3": {
      "action_x": 0.0,
      "action_y": -1.0,
      "mean": -33.87577889561241,
      "pocket_score": 1.991267753938048e-13,
      "reward_bias": 3.2107649872159527e-13,
      "std": 0.0,
      "transition_error": 9.1638133959581e-14,
      "uncertainty": 0.02500000000020116,
      "visits": 1.0
    },
    "4": {
      "action_x": 0.0,
      "action_y": 1.0,
      "mean": -30.210121926868332,
      "pocket_score": 1.7096392201257124e-09,
      "reward_bias": 2.6868740565788585e-09,
      "std": 0.8398797362529093,
      "transition_error": 7.207888462984599e-10,