{
  "best_of_n_budget_256_seed_0": {},
  "conservative_mcts_budget_256_seed_0": {
    "0": {
      "action_x": 0.0,
      "action_y": 0.0,
      "mean": -29.936133468350306,
      "pocket_score": 2.4036531885672695e-11,
      "reward_bias": 3.8216763087461914e-11,
      "std": 0.0,
      "transition_error": 1.0574613679593741e-11,
      "uncertainty": 0.025000000023794707,
      "visits": 1.0
    },
    "1": {
      "action_x": -1.0,
      "action_y": 0.0,
      "mean": -31.07556386616668,
      "pocket_score": 1.8240557178319793e-12,
      "reward_bias": 2.9549696023423166e-12,
      "std": 0.0,
      "transition_error": 8.567697757881845e-13,
      "uncertainty": 0.025000000001860003,
      "visits": 1.0
    },
    "2": {
      "action_x": 1.0,
      "action_y": 0.0,
      "mean": -28.769623949058737,
      "pocket_score": 1.8663626426666393e-10,
      "reward_bias": 2.9133895296240553e-10,
      "std": 0.0,
      "transition_error": 7.670743053600662e-11,
      "uncertainty": 0.025000000179357378,
      "visits": 1.0
    },
    "3": {
      "action_x": 0.0,
      "action_y": -1.0,
      "mean": -29.91091234247579,
      "pocket_score": 1.991267753938048e-13,
      "reward_bias": 3.2107649872159527e-13,
      "std": 0.0,
      "transition_error": 9.1638133959581e-14,
      "uncertainty": 0.02500000000020116,
      "visits": 1.0
    },
    "4": {
      "action_x": 0.0,
      "action_y": 1.0,
      "mean": -25.680122071963883,
      "pocket_score": 1.7096392201257124e-09,
      "reward_bias": 2.6868740565788585e-09,
      "std": 3.4051544251357906,
      "transition_error": 7.207888462984599e-10,
      "uncertainty": 0.02500000166109042,
      "visits": 7.0
    },
    "5": {
      "action_x": -0.7071067811865475,
      "action_y": -0.7071067811865475,
      "mean": -32.53033992610105,
      "pocket_score": 1.4607981229732342e-13,
      "reward_bias": 2.3714363805993344e-13,
      "std": 0.0,
      "transition_error": 6.928512213634184e-14,
      "uncertainty": 0.02500000000014963,
      "visits": 1.0
    },
    "6": {
      "action_x": -0.7071067811865475,
      "action_y": 0.7071067811865475,
      "mean": -33.64322609437921,
      "pocket_score": 8.834643856988784e-11,
      "reward_bias": 1.412097105912835e-10,
      "std": 0.0,
      "transition_error": 3.9611118025078506e-11,
      "uncertainty": 0.02500000008820166,
      "visits": 1.0
    },
    "7": {
      "action_x": 0.7071067811865475,
      "action_y": -0.7071067811865475,
      "mean": -34.04263061216373,
      "pocket_score": 3.853408813091017e-12,
      "reward_bias": 6.104672323203886e-12,
      "std": 0.0,
      "transition_error": 1.6731901289058864e-12,
      "uncertainty": 0.025000000003792565,
      "visits": 1.0
    },
    "8": {
      "action_x": 0.7071067811865475,
      "action_y": 0.7071067811865475,
      "mean": -32.52332714173683,
      "pocket_score": 2.33047222361914e-09,
      "reward_bias": 3.6251051049873695e-09,
      "std": 0.0,
      "transition_error": 9.450623333877712e-10,
      "uncertainty": 0.025000002226822058,
      "visits": 1.0
    }
  },
  "uct_mcts_budget_256_seed_0": {
    "0": {
      "action_x": 0.0,
      "action_y": 0.0,
      "mean": -29.019873465535383,
      "pocket_score": 2.4036531885672695e-11,
      "reward_bias": 3.8216763087461914e-11,
      "std": 0.0,
      "transition_error": 1.0574613679593741e-11,
      "uncertainty": 0.025000000023794707,
      "visits": 1.0
    },
    "1": {
      "action_x": -1.0,
      "action_y": 0.0,
      "mean": -30.1609698302399,
      "pocket_score": 1.8240557178319793e-12,
      "reward_bias": 2.9549696023423166e-12,
      "std": 0.0,
      "transition_error": 8.567697757881845e-13,
      "uncertainty": 0.025000000001860003,
      "visits": 1.0
    },
    "2": {
      "action_x": 1.0,
      "action_y": 0.0,
      "mean": -27.855029733298736,
      "pocket_score": 1.8663626426666393e-10,
      "reward_bias": 2.9133895296240553e-10,
      "std": 0.0,
      "transition_error": 7.670743053600662e-11,
      "uncertainty": 0.025000000179357378,
      "visits": 1.0
    },
    "3": {
      "action_x": 0.0,
      "action_y": -1.0,
      "mean": -28.99631833276598,
      "pocket_score": 1.991267753938048e-13,
      "reward_bias": 3.2107649872159527e-13,
      "std": 0.0,
      "transition_error": 9.1638133959581e-14,
      "uncertainty": 0.02500000000020116,
      "visits": 1.0
    },
    "4": {
      "action_x": 0.0,
      "action_y": 1.0,
      "mean": -24.393017419301323,
      "pocket_score": 1.7096392201257124e-09,
      "reward_bias": 2.6868740565788585e-09,
      "std": 3.6143108553812855,
      "transition_error": 7.207888462984599e-10,
      "uncertainty": 0.02500000166109042,
      "visits": 7.0
    },
    "5": {
      "action_x": -0.7071067811865475,
      "action_y": -0.7071067811865475,
      "mean": -31.61574591825064,
      "pocket_score": 1.4607981229732342e-13,
      "reward_bias": 2.3714363805993344e-13,
      "std": 0.0,
      "transition_error": 6.928512213634184e-14,
      "uncertainty": 0.02500000000014963,
      "visits": 1.0
    },
    "6": {
      "action_x": -0.7071067811865475,
      "action_y": 0.7071067811865475,
      "mean": -32.72863208662667,
      "pocket_score": 8.834643856988784e-11,
      "reward_bias": 1.412097105912835e-10,
      "std": 0.0,
      "transition_error": 3.9611118025078506e-11,
      "uncertainty": 0.02500000008820166,
      "visits": 1.0
    },
    "7": {
      "action_x": 0.7071067811865475,
      "action_y": -0.7071067811865475,
      "mean": -33.12803660454103,
      "pocket_score": 3.853408813091017e-12,
      "reward_bias": 6.104672323203886e-12,
      "std": 0.0,
      "transition_error": 1.6731901289058864e-12,
      "uncertainty": 0.025000000003792565,
      "visits": 1.0
    },
    "8": {
      "action_x": 0.7071067811865475,
      "action_y": 0.7071067811865475,
      "mean": -31.60873309642429,
      "pocket_score": 2.33047222361914e-09,
      "reward_bias": 3.6251051049873695e-09,
      "std": 0.0,
      "transition_error": 9.450623333877712e-10,
      "uncertainty": 0.025000002226822058,
      "visits": 1.0
    }
  },
  "uncertainty_mcts_budget_256_seed_0": {
    "0": {
      "action_x": 0.0,
      "action_y": 0.0,
      "mean": -29.32313221651211,
      "pocket_score": 2.4036531885672695e-11,
      "reward_bias": 3.8216763087461914e-11,
      "std": 0.0,
      "transition_error": 1.0574613679593741e-11,
      "uncertainty": 0.025000000023794707,
      "visits": 1.0
    },
    "1": {
      "action_x": -1.0,
      "action_y": 0.0,
      "mean": -30.463638551295723,
      "pocket_score": 1.8240557178319793e-12,
      "reward_bias": 2.9549696023423166e-12,
      "std": 0.0,
      "transition_error": 8.567697757881845e-13,
      "uncertainty": 0.025000000001860003,
      "visits": 1.0
    },
    "2": {
      "action_x": 1.0,
      "action_y": 0.0,
      "mean": -28.157698517894612,
      "pocket_score": 1.8663626426666393e-10,
      "reward_bias": 2.9133895296240553e-10,
      "std": 0.0,
      "transition_error": 7.670743053600662e-11,
      "uncertainty": 0.025000000179357378,
      "visits": 1.0
    },
    "3": {
      "action_x": 0.0,
      "action_y": -1.0,
      "mean": -29.29898704453803,
      "pocket_score": 1.991267753938048e-13,
      "reward_bias": 3.2107649872159527e-13,
      "std": 0.0,
      "transition_error": 9.1638133959581e-14,
      "uncertainty": 0.02500000000020116,
      "visits": 1.0
    },
    "4": {
      "action_x": 0.0,
      "action_y": 1.0,
      "mean": -24.809766959489583,
      "pocket_score": 1.7096392201257124e-09,
      "reward_bias": 2.6868740565788585e-09,
      "std": 3.522137212143539,
      "transition_error": 7.207888462984599e-10,
      "uncertainty": 0.02500000166109042,
      "visits": 7.0
    },
    "5": {
      "action_x": -0.7071067811865475,
      "action_y": -0.7071067811865475,
      "mean": -31.918414629364193,
      "pocket_score": 1.4607981229732342e-13,
      "reward_bias": 2.3714363805993344e-13,