{
  "all_passed": true,
  "benchmark": "CliffWalking-v1",
  "budgets": [
    32,
    64,
    128,
    256
  ],
  "claims": {
    "cliff_true_model_has_low_gap": true,
    "cliff_uct_concentrates_on_shortcut": true,
    "cliff_uct_gap_exceeds_static": true,
    "cliff_uncertainty_avoids_shortcut": true,
    "cliff_uncertainty_improves_true_return": true,
    "cliff_uncertainty_reduces_gap": true
  },
  "effect_rows": 20,
  "horizon": 16,
  "metrics_rows": 400,
  "seeds": [
    40,
    41,
    42,
    43,
    44,
    45,
    46,
    47,
    48,
    49,
    50,
    51,
    52,
    53,
    54,
    55,
    56,
    57,
    58,
    59
  ],
  "summary": {
    "true_model_uct_gap_ci": {
      "hi": 0.0,
      "lo": 0.0,
      "mean": 0.0,
      "n": 20.0,
      "std": 0.0
    },
    "uct_minus_static_cliff_bias_ci": {
      "hi": 4.05,
      "lo": 3.0,
      "mean": 3.55,
      "n": 20.0,
      "std": 1.234376040972246
    },
    "uct_minus_static_gap_ci": {
      "hi": 201.69315932906474,
      "lo": 129.73838216366119,
      "mean": 165.379633571217,
      "n": 20.0,
      "std": 83.35020125258309
    },
    "uncertainty_minus_uct_cliff_bias_ci": {
      "hi": -3.05,
      "lo": -4.15,
      "mean": -3.65,
      "n": 20.0,
      "std": 1.268027892769755
    },
    "uncertainty_minus_uct_gap_ci": {
      "hi": -151.71183459457333,
      "lo": -220.065991411268,
      "mean": -184.018105537023,
      "n": 20.0,
      "std": 82.30907697304687
    },
    "uncertainty_minus_uct_return_ci": {
      "hi": 201.17641982625003,
      "lo": 136.9729184175,
      "mean": 166.82240520000005,
      "n": 20.0,
      "std": 78.366281848008
    },
    "uniform_static_minus_static_cliff_bias_ci": {
      "hi": 13.15,
      "lo": 11.7,
      "mean": 12.45,
      "n": 20.0,
      "std": 1.700619082322051
    },
    "uniform_static_minus_static_gap_ci": {
      "hi": 584.901187842099,
      "lo": 435.13731096495064,
      "mean": 508.85694996559175,
      "n": 20.0,
      "std": 182.2706339212975
    }
  }
}